time;acc_x;acc_y;acc_z;gyro_x;gyro_y;gyro_z;mag_x;mag_y;mag_z;pitch;yaw;roll
0,000;-0,2123;0,3723;-10,5640;0,0000;0,0000;0,0000;-1,0211;0,3870;-0,0078;270,00;180,00;0,00
0,020;0,3985;-0,1810;-10,5301;0,0000;0,0000;0,0000;-0,9550;0,4174;-0,0498;270,00;180,00;0,00
0,152;0,3393;-0,0863;-10,3749;0,0000;0,0000;0,0000;-0,9981;0,4238;-0,0200;270,00;180,00;0,00
0,209;0,1563;0,1160;-10,7629;0,0000;0,0000;0,0000;-0,9441;0,3516;0,0221;270,00;180,00;0,00
0,265;-0,2272;0,1688;-9,9726;0,0000;0,0000;0,0000;-0,9746;0,3760;0,0033;270,00;180,00;0,00
0,321;0,1773;0,1576;-10,4517;0,0000;0,0000;0,0000;-0,9450;0,3851;0,0473;270,00;180,00;0,00
0,378;-0,6242;-0,2041;-9,8524;-0,0017;-9,0735;-0,0063;-0,9970;0,3944;0,0848;275,15;90,00;90,00
0,438;-1,0431;-0,3423;-9,8914;0,0000;0,0000;0,0000;-0,9917;0,4310;0,0516;275,15;90,00;90,00
0,492;-0,6836;-0,4803;-10,1811;0,0000;0,0000;0,0000;-0,9597;0,3501;0,0675;275,15;90,00;90,00
0,543;-0,9073;-0,2098;-9,9510;0,0000;0,0000;0,0000;-0,9670;0,3497;0,1089;275,15;90,00;90,00
0,595;-1,9189;-0,2664;-9,9024;0,0007;-8,2442;-0,0059;-1,0052;0,4266;0,1941;279,82;90,00;90,00
0,647;-3,0448;0,3190;-9,8125;0,0012;-8,2504;-0,0059;-0,9624;0,3649;0,2044;284,50;90,00;90,00
0,701;-2,3124;0,3062;-9,9588;0,0000;0,0000;0,0000;-0,9893;0,4109;0,2528;284,50;90,00;90,00
0,752;-2,3411;-0,2093;-10,4427;0,0000;0,0000;0,0000;-0,9071;0,3715;0,2369;284,50;90,00;90,00
0,805;-2,9211;-0,1963;-10,0191;0,0000;0,0000;0,0000;-0,8971;0,4124;0,2569;284,50;90,00;90,00
0,858;-2,4870;0,3742;-10,4171;0,0000;0,0000;0,0000;-0,9086;0,4068;0,2496;284,50;90,00;90,00
0,912;-2,1334;0,0624;-10,3103;0,0000;0,0000;0,0000;-0,9184;0,3936;0,2425;284,50;90,00;90,00
0,965;-2,4641;0,0053;-9,9859;0,0000;0,0000;0,0000;-0,9600;0,4169;0,2417;284,50;90,00;90,00
1,018;-2,4004;-0,1665;-10,1927;0,0000;0,0000;0,0000;-0,9760;0,4177;0,2289;284,50;90,00;90,00
1,072;-2,3546;0,2137;-9,6120;0,0000;0,0000;0,0000;-0,9019;0,3845;0,2806;284,50;90,00;90,00
1,125;-2,5169;-0,4403;-10,3787;0,0000;0,0000;0,0000;-0,9306;0,3653;0,2519;284,50;90,00;90,00
1,178;-2,6070;0,0316;-10,3429;0,0000;0,0000;0,0000;-0,9030;0,3605;0,2464;284,50;90,00;90,00
1,232;-2,5153;0,2935;-10,1722;0,0000;0,0000;0,0000;-0,9333;0,3825;0,2488;284,50;90,00;90,00
1,285;-2,8856;-0,4185;-10,4534;0,0000;0,0000;0,0000;-0,9229;0,3556;0,2343;284,50;90,00;90,00
1,340;-2,1025;-0,0916;-10,1649;0,0000;0,0000;0,0000;-0,9533;0,3913;0,2532;284,50;90,00;90,00
1,394;-2,5256;0,0536;-9,5518;0,0000;0,0000;0,0000;-0,9549;0,3842;0,2112;284,50;90,00;90,00
1,451;-2,3857;0,3111;-9,6592;0,0000;0,0000;0,0000;-0,9601;0,4355;0,2779;284,50;90,00;90,00
1,507;-2,4449;0,0972;-9,6061;0,0000;0,0000;0,0000;-0,9224;0,3606;0,2778;284,50;90,00;90,00
1,566;-2,5282;-0,0546;-10,0061;0,0000;0,0000;0,0000;-0,9547;0,3442;0,1947;284,50;90,00;90,00
1,620;-2,9291;0,3559;-10,2100;0,0000;0,0000;0,0000;-0,9803;0,3833;0,2898;284,50;90,00;90,00
1,675;-2,8567;-0,1398;-9,6795;0,0000;0,0000;0,0000;-0,9375;0,4049;0,1969;284,50;90,00;90,00
1,728;-2,7315;-0,2359;-10,1931;0,0000;0,0000;0,0000;-0,9718;0,3976;0,2357;284,50;90,00;90,00
1,783;-3,0256;0,3958;-10,0367;0,0000;0,0000;0,0000;-0,9883;0,3744;0,2938;284,50;90,00;90,00
1,838;-2,7697;-0,0471;-10,0329;0,0000;0,0000;0,0000;-0,9717;0,3717;0,2477;284,50;90,00;90,00
1,893;-2,5292;-0,0846;-9,6358;0,0000;0,0000;0,0000;-0,9633;0,3701;0,2752;284,50;90,00;90,00
1,953;-3,3738;0,0250;-10,0013;0,0113;-9,4652;-0,0121;-0,9541;0,3458;0,2932;289,88;90,00;90,00
2,009;-3,2549;-0,0359;-9,4276;0,0000;0,0000;0,0000;-0,9163;0,3480;0,3251;289,88;90,00;90,00
2,065;-3,5284;0,3788;-9,8397;0,0000;0,0000;0,0000;-0,9368;0,3514;0,3625;289,88;90,00;90,00
2,121;-3,9088;-0,0495;-9,2244;0,0000;0,0000;0,0000;-0,9221;0,4253;0,3598;289,88;90,00;90,00
2,176;-3,6146;-0,2811;-9,4157;0,0000;0,0000;0,0000;-0,9539;0,3568;0,3581;289,88;90,00;90,00
2,232;-3,7611;-0,1821;-9,6186;0,0000;0,0000;0,0000;-0,9564;0,3611;0,3772;289,88;90,00;90,00
2,288;-3,6658;-0,4731;-9,3191;0,0000;0,0000;0,0000;-0,8696;0,4183;0,3232;289,88;90,00;90,00
2,345;-3,5392;-0,1320;-9,8356;0,0000;0,0000;0,0000;-0,8950;0,4015;0,3293;289,88;90,00;90,00
2,401;-3,2985;-0,4765;-9,3237;0,0000;0,0000;0,0000;-0,9125;0,3816;0,2947;289,88;90,00;90,00
2,461;-3,7645;0,0736;-9,7922;0,0000;0,0000;0,0000;-0,9472;0,4287;0,3573;289,88;90,00;90,00
2,517;-3,9901;0,4829;-9,5077;0,0000;0,0000;0,0000;-0,9309;0,4195;0,2987;289,88;90,00;90,00
2,574;-3,9421;-0,3038;-9,8745;0,0000;0,0000;0,0000;-0,9306;0,4326;0,3507;289,88;90,00;90,00
2,629;-3,7313;-0,3213;-9,7099;0,0000;0,0000;0,0000;-0,9337;0,3548;0,3272;289,88;90,00;90,00
2,684;-3,5552;-0,1827;-9,2048;0,0000;0,0000;0,0000;-0,9640;0,4212;0,2989;289,88;90,00;90,00
2,738;-3,3554;0,0565;-9,3342;0,0000;0,0000;0,0000;-0,9208;0,4041;0,3783;289,88;90,00;90,00
2,792;-3,5779;0,2896;-9,9016;0,0000;0,0000;0,0000;-0,9495;0,4211;0,3295;289,88;90,00;90,00
2,845;-3,4260;-0,1756;-10,0006;0,0000;0,0000;0,0000;-0,9549;0,3443;0,2918;289,88;90,00;90,00
2,900;-3,4558;-0,2811;-9,6389;0,0000;0,0000;0,0000;-0,9003;0,3788;0,3616;289,88;90,00;90,00
2,956;-3,8473;-0,0054;-10,1103;0,0000;0,0000;0,0000;-0,9147;0,4288;0,3043;289,88;90,00;90,00
3,011;-2,1712;-0,3998;-10,0712;8,8209;8,8209;-0,4122;-0,9687;0,4512;0,2010;285,68;108,81;71,84
3,065;-1,4683;-1,2810;-10,2314;8,5597;8,5597;-0,3896;-0,9498;0,3873;0,1004;283,97;135,01;46,28
3,121;-0,8726;-2,5688;-9,7888;8,8634;8,8634;-0,4175;-0,9405;0,3942;-0,0530;285,51;162,54;19,40
3,178;-1,7351;-3,3594;-9,6840;9,1227;-9,0955;0,3805;-0,9335;0,4558;0,0606;292,32;154,25;27,49
3,232;-2,8030;-3,9478;-8,6553;8,5878;-8,5629;0,3347;-0,9957;0,4223;0,0507;298,96;150,01;31,53
3,287;-3,4355;-4,8407;-8,5718;8,6650;-8,6408;0,3404;-0,9210;0,4137;0,1214;305,75;147,27;34,06
3,342;-4,5071;-5,3719;-7,7397;8,7100;-8,6865;0,3435;-0,8942;0,4555;0,1306;312,62;145,33;35,77
3,396;-4,5443;-5,8959;-6,2579;8,6532;-8,6307;0,3381;-0,9526;0,4620;0,2426;319,47;143,89;36,99
3,450;-4,8367;-6,7818;-6,2039;8,5253;-8,5040;0,3271;-0,8755;0,4521;0,2648;326,24;142,76;37,87
3,505;-5,2614;-7,1101;-4,7897;0,0074;-8,7508;-0,0239;-0,8356;0,5202;0,3456;329,38;138,21;40,30
3,560;-5,9030;-6,7086;-5,1394;0,0070;-8,7304;-0,0244;-0,8571;0,5357;0,3952;332,65;133,95;42,37
3,619;-6,8588;-6,7757;-3,1292;9,3084;-9,2885;0,3911;-0,7658;0,5517;0,4503;340,11;133,60;42,75
3,675;-7,3459;-7,2193;-2,2742;8,8527;-8,8349;0,3513;-0,7135;0,6040;0,4174;347,20;133,33;43,04
3,729;-7,3738;-7,5538;-1,1295;8,6060;-8,5899;0,3304;-0,7266;0,5987;0,4586;354,09;133,11;43,29
3,786;-6,9921;-7,4364;0,7059;8,9697;-8,9541;0,3598;-0,7002;0,6545;0,4620;1,28;132,91;43,52
3,842;-7,0834;-7,4373;1,6299;8,9329;-8,9187;0,3561;-0,6358;0,6789;0,4650;8,44;132,74;43,73
3,896;-6,6964;-7,5244;2,7738;8,6557;-8,6431;0,3325;-0,5741;0,7806;0,4233;15,38;132,59;43,91
3,951;-6,9727;-6,6790;4,2872;8,6112;-8,6000;0,3283;-0,6067;0,7878;0,3805;22,28;132,47;44,08
4,007;-5,8670;-6,0581;5,1209;8,9055;-8,8952;0,3519;-0,5139;0,8241;0,3908;29,42;132,35;44,25
4,061;-6,1237;-5,7930;5,6271;8,5995;-8,5908;0,3262;-0,5083;0,8547;0,3415;36,31;132,25;44,41
4,115;-4,8886;-5,0202;6,8710;8,4996;-8,4923;0,3176;-0,4337;0,8550;0,2957;43,13;132,17;44,56
4,170;-4,1835;-4,3529;7,7052;8,7126;-8,7065;0,3342;-0,4141;0,9432;0,3139;50,12;132,11;44,73
4,226;-4,1892;-4,2610;8,5659;9,0081;-9,0034;0,3582;-0,3557;0,9772;0,2444;57,34;132,08;44,93
4,284;-3,1903;-3,0673;9,2365;9,1076;-9,1044;0,3661;-0,3450;1,0051;0,1514;64,65;132,09;45,17
4,338;-2,3754;-2,3174;10,1329;8,6743;-8,6727;0,3294;-0,3355;0,9901;0,1273;71,60;132,20;45,49
4,392;-1,9585;-1,5497;10,0576;8,4731;-8,4730;0,3128;-0,3631;1,0210;0,1384;78,40;132,54;46,02
4,453;-0,1515;-0,5374;10,1816;9,7446;-9,7462;0,4207;-0,2963;0,9973;0,0742;86,22;134,93;48,66
4,521;0,9717;0,7432;9,9856;10,7918;-10,7960;0,5215;-0,3106;1,0267;-0,0341;85,11;308,16;222,21
4,586;1,3645;2,0582;10,3910;10,1925;-10,1985;0,4615;-0,3010;1,0222;-0,1512;76,93;309,83;224,15
4,643;2,6357;2,7495;9,6972;9,0662;-9,0732;0,3592;-0,3464;0,9818;-0,1461;69,66;310,10;224,64
4,701;3,5329;3,2911;9,5469;9,1353;-9,1441;0,3646;-0,3170;0,9264;-0,2768;62,33;310,17;224,93
4,755;4,3303;3,6905;8,3978;8,6782;-8,6881;0,3262;-0,3698;0,9903;-0,3157;55,36;310,16;225,14
4,810;4,6815;4,4290;7,7871;8,6343;-8,6457;0,3223;-0,3991;0,9679;-0,3353;48,43;310,11;225,31
4,866;5,3006;5,8078;6,7216;8,8393;-8,8526;0,3385;-0,4185;0,8846;-0,3439;41,33;310,04;225,49
4,922;6,1682;5,9075;5,9173;8,8583;-8,8732;0,3397;-0,4202;0,8207;-0,3935;34,22;309,95;225,65
4,977;6,8712;6,6262;5,1259;8,7893;-8,8058;0,3337;-0,5269;0,8256;-0,4179;27,16;309,85;225,82
5,030;7,3033;7,1181;3,6111;8,3667;-8,3839;0,2998;-0,5044;0,8268;-0,4326;20,44;309,73;225,97
5,084;7,2363;6,9320;2,4881;8,5742;-8,5933;0,3157;-0,5277;0,7446;-0,4702;13,56;309,60;226,14
5,139;7,6819;7,3450;1,1824;8,7356;-8,7567;0,3284;-0,6198;0,6561;-0,4613;6,54;309,45;226,32
5,196;7,3810;7,3414;0,1976;8,9645;-8,9878;0,3469;-0,6165;0,6346;-0,4709;359,34;309,27;226,54
5,251;7,4164;6,7978;-1,5117;8,6745;-8,6986;0,3229;-0,7076;0,6195;-0,4876;352,38;309,07;226,77
5,306;7,6454;6,6203;-2,5679;8,7073;-8,7330;0,3253;-0,7180;0,5561;-0,4807;345,39;308,83;227,03
5,361;6,8121;6,3645;-4,2342;8,6955;-8,7228;0,3242;-0,7702;0,5663;-0,4566;338,40;308,55;227,33
5,415;6,5271;6,4977;-5,0168;8,5475;-8,5757;0,3122;-0,8121;0,4794;-0,4864;331,54;308,22;227,68
5,470;6,1642;5,7517;-5,7696;8,8089;-8,8396;0,3330;-0,8738;0,5129;-0,4396;324,47;307,80;228,12
5,524;6,0579;5,3348;-7,2107;8,5358;-8,5670;0,3109;-0,8693;0,3967;-0,4367;317,62;307,28;228,65
5,585;5,4965;4,2578;-8,0087;9,6999;-9,7373;0,4095;-0,8687;0,4048;-0,3267;309,84;306,48;229,50
5,665;4,1545;3,2987;-8,4925;12,5920;-12,6436;0,7135;-0,8984;0,3894;-0,3297;299,77;304,81;231,33
5,728;2,7874;2,1356;-9,9769;9,9458;-9,9885;0,4319;-0,9924;0,3872;-0,1788;291,84;302,39;233,78
5,785;2,2750;1,1353;-9,6221;9,0570;-9,0974;0,3530;-0,9881;0,3134;-0,2188;284,68;297,96;238,24
5,842;1,1245;0,8104;-10,6122;8,9996;-9,0412;0,3482;-0,9429;0,3480;-0,1051;277,82;285,61;250,60
5,898;0,2424;-0,6665;-10,6456;8,7991;-8,8412;0,3316;-0,9857;0,3179;-0,0492;273,38;220,73;315,49
5,952;-0,5645;-1,3182;-10,3136;8,6351;-8,6778;0,3184;-1,0038;0,3677;-0,0453;277,75;157,06;19,16
6,007;-1,1967;-2,4186;-9,9272;8,6867;-8,7310;0,3225;-0,9532;0,3203;0,0946;284,37;144,78;31,46
6,063;-2,0683;-3,1786;-9,1292;8,7418;-8,7877;0,3270;-0,9568;0,3887;0,0884;291,27;140,28;35,96
6,118;-2,8614;-3,4096;-8,7091;8,7645;-8,8118;0,3290;-0,9996;0,3144;0,2001;298,25;137,97;38,28
6,172;-3,7405;-4,4809;-8,2515;8,5211;-8,5683;0,3096;-0,9460;0,3990;0,2680;305,07;136,60;39,65
6,226;-4,4909;-5,0124;-7,5220;8,5918;-8,6406;0,3153;-0,9491;0,4535;0,2698;311,96;135,66;40,60
6,280;-4,9399;-6,2184;-6,7726;8,4455;-8,4946;0,3039;-0,8793;0,4226;0,3305;318,74;134,98;41,28
6,333;-5,9074;-6,7165;-6,3177;8,4403;-8,4903;0,3036;-0,8847;0,4551;0,3749;325,52;134,46;41,80
6,389;-5,6707;-6,9008;-5,2002;8,8061;-8,8595;0,3331;-0,8233;0,5294;0,4031;332,59;134,03;42,24
6,447;-6,6568;-6,7763;-3,2371;9,1514;-9,2081;0,3622;-0,7948;0,5536;0,4314;339,95;133,67;42,62
6,503;-6,9399;-7,5789;-1,9842;8,8389;-8,8947;0,3363;-0,7604;0,6260;0,4358;347,06;133,39;42,93
6,556;-6,6830;-7,6445;-1,4974;8,5094;-8,5641;0,3099;-0,6774;0,6015;0,4427;353,90;133,15;43,17
6,612;-7,0121;-7,1259;0,1456;8,7201;-8,7770;0,3271;-0,7178;0,6696;0,4099;0,92;132,94;43,40
6,667;-7,3781;-7,0177;1,6611;8,7587;-8,8168;0,3305;-0,6421;0,7165;0,4087;7,97;132,75;43,60
6,723;-6,4342;-6,8984;2,2133;8,8012;-8,8605;0,3343;-0,6351;0,7318;0,4752;15,05;132,59;43,79
6,779;-6,2953;-6,6624;3,9987;8,8509;-8,9113;0,3387;-0,5575;0,7522;0,4667;22,17;132,44;43,96
6,835;-5,9200;-6,4655;5,3454;8,8245;-8,8856;0,3369;-0,5065;0,8097;0,4109;29,28;132,31;44,12
6,890;-5,7427;-5,5108;6,2426;8,7906;-8,8521;0,3345;-0,5100;0,8947;0,3816;36,35;132,19;44,28
6,948;-4,9226;-5,3280;7,2561;9,0788;-9,1431;0,3590;-0,4742;0,8922;0,2881;43,66;132,08;44,44
7,007;-4,7907;-4,8188;8,1527;9,4113;-9,4786;0,3883;-0,4479;0,9074;0,2868;51,24;131,99;44,63
7,061;-3,4156;-3,9997;9,0939;8,4832;-8,5444;0,3110;-0,3892;0,9380;0,2775;58,07;131,93;44,78
7,115;-3,2934;-3,0554;9,5651;8,5408;-8,6029;0,3160;-0,3735;0,9327;0,1728;64,95;131,90;44,96
7,169;-1,9717;-2,3561;9,7125;8,5773;-8,6401;0,3194;-0,3285;0,9696;0,1053;71,85;131,93;45,19
7,230;-0,8739;-1,4986;10,1239;9,6233;-9,6943;0,4094;-0,3610;1,0380;0,0818;79,60;132,17;45,69
7,295;-0,6015;-0,7212;10,4493;10,2780;-10,3543;0,4717;-0,3171;0,9966;0,0509;87,87;135,44;49,25
7,360;0,4115;0,5034;10,2848;10,2483;-10,3247;0,4695;-0,3140;0,9730;-0,0375;83,87;309,52;223,62
7,423;1,3793;1,8941;10,3006;9,9460;-10,0204;0,4413;-0,2973;0,9813;-0,0899;75,86;310,23;224,60
7,484;3,0764;2,4904;9,8145;9,5844;-9,6564;0,4086;-0,3401;0,9462;-0,2242;68,14;310,33;224,95
7,545;3,8042;3,3328;8,7174;9,6838;-9,7566;0,4184;-0,3990;1,0068;-0,2779;60,34;310,30;225,20
7,608;4,3907;4,5921;7,8631;9,9164;-9,9910;0,4408;-0,4072;0,9090;-0,2989;52,36;310,23;225,41
7,669;5,6558;5,3291;6,9253;9,6064;-9,6785;0,4128;-0,4412;0,9542;-0,3246;44,62;310,12;225,60
7,734;5,7706;5,3292;5,9627;10,2399;-10,3168;0,4734;-0,3963;0,8341;-0,3530;36,37;309,99;225,81
7,797;6,7068;6,6486;4,8148;10,0588;-10,1340;0,4568;-0,4579;0,8515;-0,4453;28,28;309,84;226,01
7,857;6,8080;6,4878;4,0320;9,3448;-9,4144;0,3917;-0,4924;0,7839;-0,4840;20,75;309,68;226,20
7,918;7,4640;7,1634;2,1636;9,7080;-9,7799;0,4254;-0,5737;0,7372;-0,5294;12,94;309,49;226,41
7,976;7,9319;6,9524;1,1614;9,1469;-9,2142;0,3759;-0,5737;0,6577;-0,5209;5,57;309,30;226,62
8,034;7,5081;7,4421;-0,4303;9,2191;-9,2864;0,3830;-0,6042;0,6424;-0,5591;358,15;309,07;226,85
8,093;7,0336;6,6936;-1,2093;9,2045;-9,2713;0,3825;-0,7079;0,6016;-0,5133;350,75;308,82;227,11
8,148;7,0183;6,7431;-2,8305;8,8337;-8,8972;0,3514;-0,7323;0,5279;-0,4912;343,64;308,53;227,40
8,204;7,1831;6,3340;-3,9275;8,7948;-8,8574;0,3489;-0,7870;0,5523;-0,4919;336,57;308,19;227,73
8,262;6,8826;5,5224;-5,4101;9,0733;-9,1372;0,3734;-0,7968;0,5255;-0,4852;329,27;307,77;228,16
8,316;6,2767;5,2370;-6,3327;8,6341;-8,6941;0,3371;-0,8476;0,4223;-0,4513;322,33;307,27;228,65
8,378;5,4271;4,7501;-7,3976;9,7526;-9,8195;0,4363;-0,8488;0,4710;-0,3674;314,50;306,53;229,41
8,433;5,1632;3,5278;-8,4548;8,6620;-8,7205;0,3410;-0,9027;0,4250;-0,3819;307,55;305,63;230,30
8,489;3,7836;3,3150;-8,7386;8,8869;-8,9460;0,3607;-0,9440;0,3764;-0,2495;300,44;304,31;231,63
8,545;3,5427;2,6082;-9,0945;8,8002;-8,8577;0,3541;-0,9413;0,3798;-0,2609;293,42;302,22;233,72
8,600;2,8030;2,0519;-10,2108;8,7701;-8,8264;0,3524;-0,9801;0,3086;-0,1672;286,48;298,41;237,52
8,654;1,4537;1,0542;-10,4263;8,5877;-8,6419;0,3380;-0,9481;0,3109;-0,1723;279,84;289,56;246,37
8,709;0,5211;-0,6591;-9,9854;8,6483;-8,7018;0,3438;-0,9863;0,2695;-0,0372;274,22;252,44;283,47
8,766;-0,6690;-0,7435;-10,4180;8,5164;-9,3775;9,3077;-0,9219;0,3962;0,0030;276,14;166,70;14,30
8,824;-1,1087;-1,9812;-9,5835;8,7171;-9,6180;9,5483;-0,9053;0,5028;0,0751;283,03;149,89;36,35
8,879;-2,9498;-2,5298;-10,0916;8,3098;-9,1259;9,0616;-0,8820;0,5582;0,0955;289,97;146,85;44,43
8,933;-3,8247;-3,2569;-9,6069;8,2415;-9,0423;8,9804;-0,8223;0,7136;0,0746;296,91;146,73;49,66
8,990;-4,9284;-2,9306;-8,8446;8,5146;-9,3681;9,3061;-0,7048;0,7922;0,1110;304,07;147,79;54,05
9,046;-5,6597;-3,5105;-7,5768;8,5780;-9,4424;9,3819;-0,6368;0,7903;0,1071;311,22;149,54;58,01
9,100;-6,3041;-3,2174;-6,9576;8,1664;-8,9469;8,8914;-0,5756;0,9268;0,0433;317,93;151,63;61,58
9,155;-7,9326;-3,3829;-6,2913;8,2247;-9,0146;8,9607;-0,4909;0,9449;0,0541;324,59;154,07;65,16
9,211;-8,7470;-3,6313;-5,2540;8,4947;-9,3360;9,2824;-0,4160;1,0229;0,0472;331,33;156,89;68,95
9,268;-8,9742;-2,8128;-3,6977;8,6332;-9,5003;9,4480;-0,3135;0,9606;-0,0091;338,02;160,08;72,97
9,324;-9,6467;-2,5094;-2,4790;8,4600;-9,2899;9,2409;-0,2253;1,0673;-0,1232;344,34;163,56;77,11
9,381;-10,4170;-1,6268;-2,0211;8,6310;-9,4930;9,4452;-0,0962;1,0553;-0,1706;350,52;167,48;81,63
9,440;-10,0742;-0,3103;-1,0360;8,8494;-9,7542;9,7075;-0,0710;1,0058;-0,2720;356,53;171,95;86,65
9,496;-9,9890;0,1917;0,0451;8,4796;-9,3062;9,2639;0,0463;1,0044;-0,3469;1,86;176,70;91,86
9,554;-10,3174;1,0654;1,6374;8,6784;-9,5426;9,5017;0,0682;0,9291;-0,4103;6,83;182,08;97,68
9,609;-9,6380;2,8129;1,8918;8,3264;-9,1180;9,0810;0,0736;0,9318;-0,4788;11,03;187,76;103,73
9,672;-9,0949;3,3103;2,9499;9,4616;-10,4886;10,4490;0,1998;0,8017;-0,6197;15,08;194,85;111,28
9,749;-8,2179;5,3527;2,8577;11,4142;-12,9304;12,8863;0,1541;0,7353;-0,6918;18,77;204,32;121,39
9,805;-7,6003;5,8454;3,6364;8,4448;-9,2508;9,2213;0,1191;0,7115;-0,8165;20,28;211,68;129,10
9,859;-6,7524;7,3519;3,2458;8,2717;-9,0417;9,0151;0,1452;0,6317;-0,8168;20,83;219,08;136,83
9,916;-5,7425;8,2485;3,1141;8,5138;-9,3285;9,3034;0,1585;0,4706;-0,9155;20,42;226,72;144,81
9,972;-4,5066;8,5409;3,1979;8,4750;-9,2793;9,2567;0,0648;0,3954;-0,9332;19,03;234,15;152,59
10,029;-3,3552;9,5514;2,4872;8,6573;-9,4953;9,4746;0,0466;0,3690;-1,0268;16,68;241,39;160,20
10,094;-2,5091;9,4967;1,9269;9,7140;-10,7763;10,7559;-0,0199;0,2529;-0,9768;13,03;249,02;168,28
10,153;-0,4550;9,7028;1,5439;8,9204;-9,8063;9,7903;-0,0954;0,1812;-1,0493;8,82;255,37;175,05
10,209;0,6273;9,8591;0,2684;8,5045;-9,3038;9,2910;-0,2285;0,0710;-1,0142;4,17;260,84;180,95
10,267;0,9152;10,5742;-0,1259;8,7406;-9,5841;9,5734;-0,3129;0,0233;-0,9566;358,87;265,93;186,53
10,325;1,7415;10,4612;-1,2241;8,7569;-9,6010;9,5928;-0,4048;-0,0433;-0,9998;353,10;270,53;191,65
10,397;3,0340;9,2399;-2,7446;10,7903;-12,0973;12,0910;-0,4994;-0,0678;-0,9334;345,44;275,71;197,56
10,457;3,1298;9,2844;-3,4922;9,0527;-9,9510;9,9486;-0,6086;-0,1262;-0,8463;338,70;279,46;202,06
10,516;4,4327;8,3917;-5,0337;8,9687;-9,8465;9,8468;-0,7458;-0,0864;-0,7576;331,77;282,77;206,26
10,576;3,7597;7,4051;-5,8373;9,0506;-9,9424;9,9454;-0,7630;-0,0563;-0,6708;324,58;285,75;210,34
10,636;4,6199;6,0599;-6,7277;9,0596;-9,9501;9,9560;-0,8793;-0,0254;-0,6224;317,22;288,36;214,35
10,696;4,2764;4,7598;-8,1982;9,0272;-9,9079;9,9165;-0,9486;-0,0648;-0,4761;309,76;290,52;218,40
10,754;4,2063;3,7856;-9,1414;8,7569;-9,5799;9,5908;-0,9496;0,0246;-0,4456;302,46;292,06;222,60
10,811;2,9180;2,9193;-9,6005;8,6865;-9,4926;9,5060;-1,0032;0,1051;-0,3141;295,17;292,75;227,40
10,869;2,5325;1,5820;-9,5349;8,7499;-9,5657;9,5818;-0,9964;0,1919;-0,2008;287,83;291,70;233,81
10,926;2,0556;0,7178;-10,1471;8,6424;-9,4342;9,4527;-1,0350;0,2513;-0,1577;280,72;285,65;245,05
10,983;1,0118;0,2703;-10,1432;8,6426;-9,4315;9,4526;-0,9572;0,2752;-0,1210;274,63;253,04;282,79
11,042;0,0626;-1,0860;-10,1604;8,9319;-9,7751;9,7997;-0,9896;0,4330;-0,0223;276,39;168,67;12,46
11,108;-1,3892;-2,1356;-9,9091;9,8914;-10,9368;10,9677;-0,8742;0,4652;-0,0077;284,17;150,12;36,98
11,167;-3,0733;-2,5651;-9,5455;8,9832;-9,8302;9,8609;-0,9002;0,6135;0,1204;291,67;147,32;45,25
11,225;-4,1585;-3,5703;-9,3431;8,7598;-9,5592;9,5919;-0,7906;0,7052;0,0521;299,03;147,41;50,60
11,284;-4,9407;-3,1581;-8,4546;8,9240;-9,7528;9,7889;-0,6868;0,8143;0,1418;306,49;148,67;55,09
11,342;-6,2403;-3,6092;-7,2244;8,8111;-9,6145;9,6528;-0,6082;0,8537;0,0738;313,79;150,56;59,12
11,403;-7,1585;-3,2585;-6,7120;9,1489;-10,0169;10,0598;-0,5735;0,9259;0,0319;321,27;152,98;63,18
11,461;-8,1806;-3,8474;-5,8055;8,8909;-9,7038;9,7482;-0,4149;0,9361;0,0357;328,39;155,72;67,12
11,518;-8,5241;-3,0743;-4,6428;8,5853;-9,3361;9,3814;-0,3466;1,0110;0,0225;335,08;158,72;71,01
11,577;-9,5809;-2,5986;-2,8421;9,0321;-9,8668;9,9176;-0,2312;1,0111;-0,1030;341,93;162,22;75,34
11,633;-9,6372;-1,9046;-2,2207;8,5303;-9,2648;9,3151;-0,2005;1,0052;-0,1150;348,11;165,91;79,66
11,690;-9,7557;-1,3719;-1,1858;8,5277;-9,2588;9,3117;-0,0445;1,0499;-0,2416;354,00;170,00;84,30
11,748;-10,4721;-0,2077;-0,2473;8,8235;-9,6079;9,6655;0,0318;1,0502;-0,2932;359,73;174,69;89,52
11,806;-10,3396;1,2568;1,0379;8,8320;-9,6150;9,6753;0,0985;1,0211;-0,3807;4,99;179,90;95,21
11,865;-10,2372;2,2301;2,1879;8,9407;-9,7417;9,8056;0,1050;0,9362;-0,4911;9,74;185,75;101,51
11,923;-9,9064;3,1084;2,6439;8,8525;-9,6333;9,6993;0,1242;0,8920;-0,5305;13,75;192,12;108,30
11,980;-8,5386;3,8386;2,7365;8,6244;-9,3589;9,4256;0,1949;0,7926;-0,6214;16,88;198,86;115,41
12,042;-7,9762;5,3716;3,5584;9,4030;-10,2877;10,3639;0,1927;0,7079;-0,7504;19,36;206,75;123,73
12,104;-7,0413;6,3944;3,6015;9,3789;-10,2552;10,3342;0,1120;0,6044;-0,7919;20,69;215,02;132,41
12,167;-5,5467;7,2410;4,1190;9,4934;-10,3900;10,4731;0,1606;0,5643;-0,9155;20,82;223,55;141,37
12,225;-5,0921;8,0539;3,1570;8,8860;-9,6577;9,7378;0,1288;0,4430;-0,9828;19,80;231,41;149,60
12,284;-3,5353;9,5537;2,8548;8,8784;-9,6458;9,7283;0,0089;0,3908;-0,9423;17,76;238,95;157,54
12,342;-2,6619;10,1138;2,8521;8,9278;-9,7016;9,7872;-0,0761;0,2627;-1,0496;14,76;246,08;165,07
12,400;-1,2735;10,2402;1,6079;8,7273;-9,4603;9,5464;-0,1099;0,1787;-1,0329;11,01;252,50;171,89
12,463;-0,1947;10,4854;0,8238;9,5247;-10,4118;10,5092;-0,2296;0,0895;-0,9922;6,13;258,91;178,79
12,521;0,9539;10,1343;0,3988;8,9214;-9,6853;9,7786;-0,2700;0,0312;-1,0410;0,94;264,28;184,64
12,580;1,9121;9,7771;-0,9377;8,9771;-9,7489;9,8453;-0,4315;-0,0006;-0,9541;355,21;269,14;190,04
12,638;2,3483;10,0731;-2,3651;8,7307;-9,4533;9,5492;-0,4890;-0,0520;-0,9579;349,24;273,38;194,86
12,696;3,7158;9,3222;-2,8053;8,8191;-9,5555;9,6548;-0,5211;-0,1089;-0,8419;342,89;277,22;199,38
12,754;4,2686;8,4468;-4,5076;8,9086;-9,6592;9,7618;-0,6721;-0,1371;-0,7792;336,20;280,72;203,67
12,815;4,3487;7,8963;-5,7695;9,1909;-9,9932;10,1017;-0,7228;-0,1147;-0,7117;329,07;283,95;207,88
12,873;4,3925;6,4542;-6,6272;8,8398;-9,5723;9,6785;-0,7792;-0,0438;-0,6485;322,04;286,69;211,79
12,932;4,2342;5,9503;-7,4199;9,0251;-9,7901;9,9010;-0,8553;-0,0412;-0,5357;314,71;289,11;215,77
12,993;4,3007;4,7130;-8,4787;9,2751;-10,0862;10,2026;-0,9516;-0,0254;-0,4739;307,06;291,14;219,99
13,050;3,3012;3,9718;-9,0699;8,6394;-9,3280;9,4378;-0,9745;0,0725;-0,3572;299,89;292,37;224,28
13,110;3,1712;2,9348;-9,0552;9,1951;-9,9856;10,1052;-1,0209;0,1401;-0,3278;292,21;292,58;229,79
13,173;2,3501;1,4465;-10,2249;9,5894;-10,4562;10,5835;-0,9981;0,1712;-0,1592;284,22;289,77;238,43
13,234;0,8850;0,4183;-10,5455;9,2994;-10,1054;10,2306;-1,0425;0,2580;-0,1593;276,90;274,44;259,30
13,294;0,2567;-0,4022;-10,7490;9,0683;-9,8274;9,9512;-1,0202;0,3893;-0,0330;274,32;192,93;346,17
13,352;-0,7069;-2,0276;-10,4709;8,8359;-9,5495;9,6716;-0,9785;0,4262;0,0095;280,29;155,10;29,21
13,411;-2,3713;-2,0148;-10,2122;8,9671;-9,7030;9,8287;-0,9268;0,5303;0,0304;287,61;148,43;41,24
13,469;-3,4301;-2,9679;-9,3737;8,9550;-9,6868;9,8139;-0,8432;0,5938;0,0712;295,07;147,31;47,81
13,526;-4,1585;-3,6264;-8,6925;8,7230;-9,4105;9,5356;-0,7430;0,6943;0,0860;302,33;148,00;52,58
13,584;-5,9199;-3,7893;-7,8671;8,8310;-9,5365;9,6647;-0,6792;0,7758;0,1121;309,63;149,54;56,77
13,643;-6,7276;-3,4221;-7,2922;8,9314;-9,6537;9,7848;-0,6213;0,8972;0,0796;316,94;151,64;60,75
13,703;-7,8452;-3,9813;-6,4524;9,1930;-9,9631;10,0997;-0,4399;0,9015;0,0232;324,35;154,22;64,80
13,761;-8,1933;-3,4854;-5,2645;8,9009;-9,6145;9,7478;-0,4369;1,0109;0,0515;331,36;157,09;68,76
13,826;-8,8840;-3,3069;-5,4233;0,0000;0,0000;0,0000;-0,3768;0,9354;0,0317;331,36;157,09;68,76
13,881;-8,2446;-3,2636;-4,8445;0,0000;0,0000;0,0000;-0,4243;1,0180;0,0004;331,36;157,09;68,76
13,940;-8,2493;-2,6014;-4,5884;0,0504;0,0274;9,3167;-0,3419;0,9913;0,0173;331,36;157,09;74,02
13,996;-9,2309;-2,1345;-5,1859;0,0490;0,0264;8,9702;-0,1716;1,0016;0,0160;331,36;157,09;79,08
14,053;-8,8328;-1,5846;-5,1451;0,0000;0,0000;0,0000;-0,2168;1,0000;-0,0242;331,36;157,09;79,08
14,110;-8,4584;-1,8876;-4,8209;0,0000;0,0000;0,0000;-0,2199;1,0650;0,0408;331,36;157,09;79,08
14,166;-8,4990;-1,7806;-4,9287;0,0000;0,0000;0,0000;-0,2413;1,0482;-0,0115;331,36;157,09;79,08
14,225;-8,8066;-1,5589;-4,5209;0,0000;0,0000;0,0000;-0,2529;1,0614;0,0249;331,36;157,09;79,08
14,285;-8,7440;-1,5147;-4,9665;0,0000;0,0000;0,0000;-0,2468;1,0660;-0,0210;331,36;157,09;79,08
14,343;-9,0050;-0,4652;-5,0231;0,0532;0,0269;9,2692;-0,1282;1,0514;0,0675;331,36;157,09;84,31
14,400;-8,8993;0,0943;-4,7346;0,0526;0,0263;9,0972;-0,0284;1,0839;0,0033;331,36;157,09;89,44
14,457;-8,6447;0,8548;-5,3057;0,0522;0,0258;8,9837;0,0910;1,0160;0,0052;331,36;157,09;94,50
14,513;-8,5350;1,8707;-5,0021;0,0522;0,0256;8,9499;0,1187;1,0004;0,0191;331,36;157,09;99,55
14,570;-9,1877;1,4227;-4,7382;9,1149;-0,3686;9,1149;0,2899;1,0011;-0,0567;330,63;162,90;101,86
14,627;-8,7857;1,4601;-4,8203;9,1758;0,0258;0,0540;0,2415;1,0157;-0,1892;329,70;168,76;98,94
14,684;-8,6185;0,5870;-5,5452;9,1151;0,0255;0,0538;0,2869;0,9685;-0,3003;329,03;174,69;95,92
14,739;-8,4747;0,8951;-5,7733;8,7563;0,0242;0,0518;0,2215;0,9101;-0,3151;328,65;180,44;92,94
14,796;-8,6838;-0,0806;-5,2407;9,0190;0,0247;0,0535;0,3064;0,9226;-0,4206;328,52;186,40;89,83
14,853;-8,8879;-0,9148;-5,1498;9,1057;0,0247;0,0541;0,2834;0,9332;-0,5044;328,68;192,42;86,70
14,909;-8,3948;-1,2636;-4,9271;9,0390;0,0243;0,0538;0,2480;0,8189;-0,5783;329,11;198,35;83,63
14,967;-9,0270;-1,0273;-4,8668;9,1288;0,0242;0,0543;0,2307;0,7384;-0,6699;329,82;204,27;80,62
15,030;-9,0831;-2,1168;-5,1994;10,1048;0,0264;0,0601;0,2382;0,6884;-0,7034;330,90;210,71;77,44
15,110;-8,9385;-2,1868;-3,6621;12,8161;-12,6620;0,9093;0,1161;0,5895;-0,8025;339,61;216,56;75,43
15,165;-9,3374;-2,9291;-3,0860;8,8223;0,0223;0,0524;0,1543;0,4993;-0,9076;340,93;221,65;73,71
15,223;-9,4025;-3,4820;-2,7238;9,1512;0,0228;0,0543;0,2077;0,4355;-0,9112;342,45;226,85;72,08
15,280;-9,4560;-2,9067;-2,6011;9,0903;0,0223;0,0538;0,1512;0,3547;-0,9503;344,09;231,92;70,62
15,344;-8,9890;-3,5628;-2,4322;10,2087;0,0246;0,0602;0,1280;0,2256;-0,9767;346,07;237,51;69,18
15,407;-8,8253;-3,5334;-3,1966;10,0492;9,9994;-0,4092;0,2974;0,1401;-1,0070;342,94;245,15;66,85
15,468;-8,2949;-4,5707;-3,6080;9,8801;9,8308;-0,3945;0,4027;0,0975;-1,0093;340,19;252,91;64,13
15,529;-8,7813;-4,7876;-3,6374;9,6196;9,5714;-0,3723;0,4813;0,0205;-0,9767;337,87;260,73;61,07
15,593;-8,3571;-5,3399;-4,0366;10,2617;10,2100;-0,4300;0,5249;-0,0688;-0,8861;335,86;269,33;57,39
15,657;-7,5341;-5,1393;-4,5391;10,2922;10,2401;-0,4334;0,6700;-0,1642;-0,7815;334,38;278,22;53,35
15,723;-7,5727;-5,9515;-3,5547;10,5049;0,0221;0,0599;0,5795;-0,2283;-0,8011;338,00;283,34;51,28
15,786;-6,8439;-6,7144;-3,7381;10,1267;10,0751;-0,4196;0,7355;-0,3228;-0,6600;337,37;292,03;47,69
15,845;-6,2842;-7,2820;-3,5477;9,3214;9,2738;-0,3502;0,7974;-0,3884;-0,6345;337,24;300,07;44,34
15,902;-6,5114;-7,0386;-4,1020;9,1467;9,0999;-0,3365;0,8337;-0,4487;-0,5125;337,53;307,95;41,08
15,958;-5,4935;-7,9833;-3,6615;8,9992;8,9532;-0,3252;0,8974;-0,5113;-0,3802;338,22;315,65;37,95
16,015;-5,1705;-8,0281;-3,4244;9,1259;9,0792;-0,3362;0,9350;-0,5103;-0,2387;339,30;323,36;34,92
16,073;-5,0963;-8,3425;-2,9947;9,2295;9,1822;-0,3455;0,8771;-0,5177;-0,1692;340,77;331,02;32,07
16,129;-5,1781;-8,6968;-3,1048;8,9559;8,9101;-0,3240;0,9601;-0,5556;0,0080;342,52;338,30;29,55
16,186;-4,7288;-8,4173;-2,5473;9,0003;8,9543;-0,3284;0,8745;-0,5510;0,1703;344,57;345,46;27,29
16,241;-4,1222;-8,7510;-2,5500;8,8608;8,8156;-0,3181;0,8936;-0,5384;0,2937;346,83;352,36;25,37
16,299;-4,3353;-9,0941;-1,9202;9,3132;9,2658;-0,3560;0,8873;-0,4640;0,3410;349,43;359,46;23,66
16,358;-4,2068;-9,0960;-0,9177;9,3240;9,2767;-0,3579;0,7875;-0,3769;0,4461;352,22;6,44;22,31
16,421;-3,7586;-9,6111;-0,7681;10,1412;10,0900;-0,4311;0,7724;-0,3713;0,6147;355,41;13,90;21,22
16,482;-3,5390;-9,5278;0,1913;9,7533;9,7042;-0,3973;0,6809;-0,2682;0,6760;358,59;21,00;20,58
16,546;-3,1206;-9,5663;0,0495;10,0918;10,0413;-0,4291;0,6209;-0,2502;0,7972;1,93;28,32;20,33
16,607;-3,1966;-9,6223;0,7953;9,7850;9,7363;-0,4026;0,5722;-0,1496;0,9165;5,18;35,42;20,50
16,664;-3,8705;-9,9728;1,4708;9,1021;9,0571;-0,3451;0,4924;-0,0723;0,9219;8,16;42,08;21,05
16,722;-3,2412;-9,5042;2,4257;9,3141;0,0104;0,0428;0,4860;0,0212;0,9707;13,06;44,02;21,41
16,781;-3,3636;-9,1909;3,2327;9,3519;0,0099;0,0422;0,4355;0,1395;0,9654;17,97;46,04;21,95
16,840;-4,0613;-8,6007;3,7783;9,3891;0,0094;0,0415;0,4807;0,2507;0,8952;22,88;48,19;22,70
16,899;-3,4029;-8,3019;4,6592;9,3382;0,0087;0,0404;0,5120;0,3410;0,8448;27,72;50,49;23,68
16,959;-3,9281;-7,9460;5,2380;9,6893;0,0085;0,0410;0,4759;0,3449;0,8342;32,71;53,10;25,00
17,021;-3,5865;-7,6056;5,8473;9,7510;0,0079;0,0404;0,5115;0,4277;0,7903;37,67;56,03;26,69
17,079;-3,7874;-6,6874;6,8369;9,3126;0,0070;0,0377;0,4405;0,4842;0,7482;42,33;59,23;28,75
17,139;-3,1080;-5,9650;8,2875;9,5666;-9,5039;0,5020;0,5807;0,6012;0,6366;49,62;55,96;26,65
17,198;-2,6582;-5,1656;8,3259;9,3912;-9,3317;0,4836;0,5927;0,6301;0,5551;56,67;51,70;23,48
17,256;-1,5505;-4,1969;9,1103;9,3123;-9,2554;0,4747;0,6435;0,6515;0,4188;63,46;45,64;18,46
17,316;-0,7697;-4,2288;9,5085;0,0345;-9,3984;0,0344;0,7212;0,7285;0,3471;64,68;33,74;7,75
17,372;0,6958;-4,0240;9,7777;0,0319;-8,9504;0,0319;0,7076;0,6529;0,2649;64,89;21,81;356,95
17,432;0,8689;-3,9192;9,1345;0,0327;-9,4518;0,0327;0,7935;0,7408;0,2079;64,08;9,48;345,81
17,494;1,5789;-4,0433;9,4644;0,0331;-9,8657;0,0331;0,7616;0,6530;0,1942;62,21;357,77;335,36
17,552;2,9362;-4,3682;8,7084;0,0299;-9,2058;0,0299;0,7926;0,7060;0,0462;59,69;348,34;327,10
17,609;3,3642;-4,6877;9,0113;0,0283;-8,9803;0,0283;0,7459;0,6886;0,0260;56,67;340,54;320,47
17,669;4,2363;-4,7755;7,8012;0,0293;-9,6204;0,0293;0,7675;0,7076;-0,0878;52,98;333,54;314,74
17,728;5,0906;-4,4723;7,9015;0,0275;-9,3623;0,0275;0,8239;0,6972;-0,1289;49,06;327,83;310,30
17,785;5,5117;-4,7923;6,8864;0,0255;-8,9941;0,0255;0,7754;0,6713;-0,1774;45,07;323,16;306,87
17,843;6,4384;-4,1812;6,5829;0,0253;-9,2553;0,0253;0,7674;0,7233;-0,2326;40,79;319,00;304,04
17,902;6,7929;-4,8245;5,8374;0,0243;-9,2460;0,0243;0,6780;0,6686;-0,3215;36,39;315,35;301,76
17,962;7,8126;-4,0632;5,3580;0,0243;-9,6520;0,0243;0,6596;0,7395;-0,3871;31,68;311,97;299,87
18,021;7,8512;-4,0103;4,5938;0,0226;-9,3684;0,0226;0,6337;0,6701;-0,5031;27,04;309,00;298,41
18,079;8,4032;-4,2283;4,2125;0,0212;-9,1986;0,0212;0,6404;0,6801;-0,5015;22,43;306,32;297,29
18,138;8,6430;-4,6599;3,3486;0,0204;-9,2830;0,0204;0,5151;0,6473;-0,6151;17,73;303,78;296,42
18,198;9,4772;-4,0741;2,1073;0,0198;-9,4577;0,0198;0,4488;0,6621;-0,5649;12,91;301,34;295,77
18,256;9,4030;-4,4323;1,4907;0,0184;-9,2491;0,0184;0,4051;0,6508;-0,6952;8,18;299,04;295,35
18,313;9,3917;-4,1381;0,3024;0,0171;-9,0375;0,0171;0,3495;0,7157;-0,7146;3,54;296,84;295,12
18,372;9,5574;-3,9361;-0,2820;0,0168;-9,3817;0,0168;0,3313;0,7031;-0,7699;358,72;294,58;295,08
18,430;9,0695;-4,8379;-1,5058;0,0155;-9,2105;0,0155;0,1921;0,6863;-0,7753;353,99;292,36;295,22
18,490;9,4805;-4,2370;-2,1926;0,0151;-9,5717;0,0151;0,1294;0,6594;-0,7988;349,09;290,01;295,57
18,552;8,9351;-4,0933;-2,7746;0,0145;-9,8327;0,0145;0,1046;0,6603;-0,8165;344,07;287,51;296,15
18,610;8,6234;-4,3094;-3,4188;0,0126;-9,1909;0,0126;-0,0004;0,6513;-0,7611;339,41;285,06;296,92
18,670;8,1390;-4,5632;-4,4179;0,0120;-9,4364;0,0120;-0,0030;0,6880;-0,7587;334,66;282,38;297,96
18,728;7,3583;-4,3744;-5,3645;0,0109;-9,2524;0,0109;-0,0927;0,7233;-0,7692;330,05;279,54;299,28
18,786;7,3691;-4,6617;-5,4015;0,0101;-9,2899;0,0101;-0,1686;0,6784;-0,7279;325,49;276,42;300,95
18,844;6,4391;-3,9505;-6,6180;0,0091;-9,2167;0,0091;-0,2281;0,7425;-0,7583;321,06;272,97;303,01
18,903;6,4672;-4,5601;-6,9661;0,0083;-9,2816;0,0083;-0,3776;0,7295;-0,7553;316,71;269,03;305,60
18,960;4,8088;-4,7699;-7,7528;-0,4018;-9,1258;9,1288;-0,3116;0,7745;-0,7126;312,58;264,58;313,95
19,018;3,7686;-5,6462;-7,7236;-0,4025;-9,1203;9,1219;-0,2870;0,7503;-0,6056;308,99;258,87;323,45
19,073;2,9038;-5,2793;-7,9870;-0,3662;-8,6927;8,6930;-0,3580;0,7408;-0,6150;306,24;252,17;333,70
19,132;2,6290;-5,8062;-8,5303;0,0050;-0,0058;9,4141;-0,1994;0,7833;-0,6163;306,24;252,17;339,03
19,191;1,7064;-6,0954;-8,0480;0,0041;-0,0059;9,2909;-0,1207;0,7847;-0,5948;306,24;252,17;344,30
19,250;0,8756;-6,1148;-8,0152;0,0033;-0,0060;9,3917;-0,0308;0,8603;-0,5756;306,24;252,17;349,63
19,307;0,1708;-6,4029;-7,8994;0,0025;-0,0059;9,1136;0,0449;0,8057;-0,5918;306,24;252,17;354,80
19,365;0,0885;-6,3463;-8,2777;0,0017;-0,0060;9,1155;0,0772;0,8697;-0,5837;306,24;252,17;359,97
19,424;-1,3152;-6,2448;-8,6660;-0,4383;-9,4258;9,4183;0,1322;0,8793;-0,5834;306,58;243,17;12,56
19,479;-2,3120;-6,1796;-8,3036;-0,3817;-8,7868;8,7787;0,0806;0,7950;-0,5897;307,93;235,24;23,85
19,536;-3,7532;-5,7376;-8,3244;-0,0005;-8,9913;-0,0005;0,0924;0,8432;-0,6101;310,22;228,01;29,47
19,597;-3,8820;-6,0492;-7,3757;-0,0014;-9,6220;-0,0014;-0,0544;0,8430;-0,6720;313,12;221,06;34,67
19,655;-4,8007;-5,3091;-7,3596;-0,0021;-9,3028;-0,0021;-0,0970;0,8455;-0,6824;316,28;215,06;38,94
19,714;-5,4878;-6,0348;-6,5706;-0,0028;-9,2988;-0,0028;-0,1099;0,7845;-0,5943;319,73;209,68;42,54
19,773;-4,9542;-5,9418;-6,5558;0,0000;0,0000;0,0000;-0,0899;0,8046;-0,6538;319,73;209,68;42,54
19,833;-5,4514;-5,4385;-6,9265;0,0000;0,0000;0,0000;-0,1528;0,8313;-0,6278;319,73;209,68;42,54
19,893;-5,9617;-5,4387;-5,9534;-0,0052;-9,4687;-0,0052;-0,2075;0,8539;-0,6037;323,46;204,76;45,60
19,952;-6,2509;-5,8039;-5,6165;-0,0058;-9,3355;-0,0058;-0,2769;0,8201;-0,5868;327,33;200,36;48,10
20,011;-6,9598;-6,0108;-4,8659;-0,0066;-9,3795;-0,0066;-0,3319;0,8823;-0,5865;331,35;196,32;50,16
20,073;-7,7547;-5,8760;-4,2892;-0,0078;-9,8821;-0,0078;-0,3196;0,8261;-0,5630;335,71;192,39;51,92
20,134;-7,3363;-5,5312;-3,8648;-0,0083;-9,6312;-0,0083;-0,4361;0,8376;-0,5131;340,05;188,81;53,27
20,195;-8,4793;-5,3316;-3,4292;-0,0092;-0,0067;9,7092;-0,3384;0,9060;-0,5119;340,05;188,81;58,78
20,256;-8,7522;-3,7551;-3,0279;-0,0100;-0,0067;9,6921;-0,2107;0,8822;-0,4972;340,05;188,81;64,28
20,315;-9,2581;-3,0218;-3,8874;-0,0103;-0,0064;9,3218;-0,1612;0,9015;-0,5315;340,05;188,81;69,58
20,374;-9,3945;-2,3974;-3,1445;-0,0111;-0,0065;9,3895;-0,0537;0,9003;-0,5248;340,05;188,81;74,91
20,443;-9,1763;-1,1665;-3,7415;-0,0138;-0,0075;10,8394;-0,0062;0,9450;-0,4732;340,05;188,81;81,07
20,520;-9,9915;-0,1698;-3,2020;-0,0168;-0,0085;12,2822;0,1848;0,9274;-0,5056;340,05;188,81;88,05
20,579;-9,9159;0,1636;-3,4344;-0,0133;-0,0064;9,2394;0,2325;0,9039;-0,4860;340,05;188,81;93,30
20,644;-9,1507;1,2046;-3,2041;-0,0157;-0,0071;10,3462;0,3265;0,8750;-0,5494;340,05;188,81;99,17
20,705;-9,8204;2,4980;-3,9563;-0,0153;-0,0066;9,6196;0,4409;0,8698;-0,5284;340,05;188,81;104,64
20,764;-9,5184;3,2544;-2,6138;-0,4681;-9,4925;9,4597;0,3947;0,8314;-0,5526;345,26;190,21;109,60
20,824;-9,6774;4,3491;-1,5701;-0,4659;-9,4609;9,4270;0,4713;0,7441;-0,5872;350,32;192,03;114,58
20,882;-8,7327;5,3583;-1,0232;-0,4361;-9,1365;9,1027;0,4882;0,6718;-0,5909;355,04;194,20;119,49
20,940;-8,8377;6,0805;-0,2018;-0,4464;-9,2378;9,2025;0,5119;0,6829;-0,6058;359,60;196,77;124,61
21,000;-7,6649;6,1686;0,8333;-0,4803;-9,5829;9,5449;0,4925;0,6261;-0,7329;4,07;199,86;130,14
21,060;-7,4379;7,5004;1,7880;-0,4683;-9,4516;9,4129;0,4691;0,5940;-0,7417;8,16;203,35;135,88
21,118;-6,4444;8,0603;1,8836;-0,4494;-9,2453;9,2062;0,4161;0,5906;-0,8044;11,79;207,19;141,79
21,176;-5,1435;8,5379;3,0912;-0,4421;-9,1608;9,1209;0,4150;0,5301;-0,8189;14,97;211,42;147,96
21,233;-4,2180;9,0740;2,8420;-0,4402;-9,1337;9,0927;0,3833;0,4792;-0,8610;17,67;216,03;154,43
21,294;-2,5902;8,9236;3,0997;-0,4825;-9,5683;9,5239;0,3169;0,4760;-0,8392;19,94;221,23;161,54
21,351;-2,0757;9,8387;3,6945;-0,4437;-9,1575;9,1138;0,3208;0,4388;-0,8872;21,51;226,53;168,61
21,412;-0,8852;9,3176;3,5912;-0,4895;-9,6267;9,5794;0,2206;0,3760;-0,9103;22,49;232,32;176,24
21,472;0,9109;9,0851;4,0568;-0,4811;-9,5353;9,4870;0,2378;0,4208;-0,9842;22,73;238,17;183,90
21,532;2,3547;9,7332;4,3185;-0,4797;-9,5155;9,4660;0,1424;0,3753;-1,0110;22,26;243,99;191,53
21,590;2,6893;9,3938;3,3501;-0,4487;-9,1875;9,1384;0,1082;0,3596;-0,9766;21,13;249,47;198,76
21,648;4,6012;8,2851;3,3108;-0,4456;-9,1494;9,0992;0,0853;0,3694;-0,9520;19,38;254,68;205,76
21,710;4,9840;8,4300;2,9923;-0,5243;-9,9475;9,8914;-0,0502;0,3726;-0,9621;16,86;259,99;213,05
21,770;6,2531;7,3356;2,2326;-0,4814;-9,5134;9,4583;-0,1245;0,3493;-0,9575;13,86;264,64;219,68
21,827;7,3354;7,3558;1,9249;-0,4377;-9,0527;8,9990;-0,1211;0,3409;-0,9436;10,55;268,66;225,67
21,884;8,2696;6,4131;1,1853;-0,4266;-8,9292;8,8749;-0,2230;0,4065;-0,9224;6,91;272,22;231,27
21,941;8,9386;5,9014;0,9857;-0,4436;-9,1098;9,0531;-0,2666;0,3877;-0,9760;2,88;275,45;236,71
22,001;8,9093;5,1519;-0,3813;-0,4903;-9,5916;9,5305;-0,2403;0,4149;-0,9268;358,33;278,44;242,18
22,059;9,6117;4,4466;-1,5198;-0,4482;-9,1537;9,0939;-0,2731;0,4649;-0,9104;353,74;280,87;247,21
22,116;9,8094;2,7191;-1,4939;-0,4345;-9,0048;8,9447;-0,3514;0,4990;-0,8185;349,03;282,89;252,01
22,188;9,8658;2,1246;-2,7245;-0,6990;-11,5117;11,4327;-0,4037;0,5814;-0,8071;342,83;284,99;258,03
22,247;9,0246;1,3145;-3,9601;-0,4556;-9,2265;9,1619;-0,3690;0,6285;-0,8101;337,72;286,16;262,87
22,304;8,6844;0,5265;-4,2796;-0,4464;-9,1285;9,0633;-0,3531;0,6158;-0,7112;332,58;286,89;267,74
22,365;8,3088;-0,0569;-5,7008;-0,4940;-9,6208;9,5505;-0,4384;0,6336;-0,6442;327,13;287,14;273,07
22,423;7,6552;-1,6019;-6,1940;-0,4540;-9,2087;9,1401;-0,4078;0,7393;-0,6192;321,91;286,79;278,50
22,483;7,4060;-1,8149;-7,3960;-0,4834;-9,5137;9,4414;-0,4392;0,7177;-0,6222;316,58;285,69;284,61
22,550;6,0781;-3,0118;-8,0148;-0,6090;-10,7210;10,6378;-0,3308;0,8427;-0,5990;310,72;283,35;292,39
22,620;4,7561;-3,1816;-8,4113;-0,6500;-11,0892;11,0012;-0,2905;0,8367;-0,5350;304,97;279,17;301,98
22,688;3,5859;-3,5005;-8,4523;-0,6125;-10,7558;10,6686;-0,2820;0,9354;-0,4922;299,95;272,69;313,56
22,758;2,3856;-4,0610;-9,1335;-0,6541;-11,1290;11,0369;-0,2746;0,9682;-0,4894;295,71;262,63;328,78
22,827;1,3502;-3,7453;-8,9945;-0,6255;-10,8783;10,7865;-0,1695;0,9696;-0,3896;293,08;249,07;347,31
22,897;-1,0256;-4,2683;-9,4356;-0,6629;-11,2120;11,1156;-0,0949;0,9545;-0,3611;292,51;232,67;8,81
22,965;-1,7365;-3,3857;-9,3651;-0,6020;-10,6722;10,5788;-0,0650;0,9590;-0,3925;294,15;217,91;28,43
23,036;-3,1249;-3,3110;-9,4683;-0,0282;-11,3011;-0,0635;-0,0860;1,0252;-0,3136;297,74;205,74;39,39
23,094;-3,3928;-3,3922;-9,4259;0,0000;0,0000;0,0000;-0,1448;1,0295;-0,3747;297,74;205,74;39,39
23,149;-2,9532;-3,4523;-9,2583;0,0000;0,0000;0,0000;-0,1564;0,9737;-0,3907;297,74;205,74;39,39
23,206;-2,7554;-3,5107;-9,3519;0,0000;0,0000;0,0000;-0,0770;0,9697;-0,3361;297,74;205,74;39,39
23,264;-3,3230;-3,1971;-9,3731;-0,0219;-0,0063;9,1389;-0,0345;0,9398;-0,3648;297,74;205,74;44,60
23,319;-3,5805;-3,5874;-8,9620;-0,0206;-0,0060;8,7336;0,0199;0,9686;-0,3820;297,74;205,74;49,59
23,378;-3,8527;-2,5304;-9,2308;-0,0213;-0,0064;9,1843;0,1369;0,9573;-0,3815;297,74;205,74;54,83
23,437;-3,7024;-3,1108;-9,1914;0,0000;0,0000;0,0000;0,1745;0,9349;-0,3712;297,74;205,74;54,83
23,495;-4,2490;-3,2030;-9,4535;0,0000;0,0000;0,0000;0,1378;0,9886;-0,3166;297,74;205,74;54,83
23,553;-3,8082;-2,2984;-9,0298;0,0000;0,0000;0,0000;0,1070;0,9295;-0,3981;297,74;205,74;54,83
23,610;-3,4436;-2,4695;-8,7102;0,0000;0,0000;0,0000;0,1445;0,9599;-0,3459;297,74;205,74;54,83
23,667;-2,9515;-2,4277;-9,0929;-0,0191;9,1083;-0,0594;0,2044;0,9359;-0,3504;293,69;213,17;48,13
23,723;-1,9186;-2,3581;-9,7544;-0,0182;8,9082;-0,0587;0,2528;0,9494;-0,2805;290,19;222,98;39,02
23,779;-1,3942;-2,6357;-9,3388;-0,0177;8,8397;-0,0588;0,2570;0,9992;-0,3152;287,45;236,08;26,61
23,837;-0,1300;-3,0784;-10,1311;-0,0179;9,2228;-0,0619;0,3047;0,9765;-0,2786;285,79;253,52;9,89
23,898;0,6783;-3,0028;-9,6389;-0,0183;9,7122;-0,0659;0,2498;0,9564;-0,2769;285,78;273,88;350,28
23,955;1,5488;-2,3962;-9,7491;-0,0165;9,0110;-0,0616;0,3291;0,9753;-0,2237;287,38;291,00;333,87
24,012;0,8135;-2,9117;-9,7084;-0,0161;-9,0333;-0,0622;0,2620;0,9254;-0,2113;285,78;273,86;350,30
24,068;-0,4007;-2,4942;-10,1756;-0,0152;-8,8266;-0,0612;0,2444;0,9783;-0,2733;285,71;255,36;8,12
24,125;-1,7644;-2,8546;-9,5726;-0,0152;-9,1240;-0,0637;0,2218;0,9378;-0,3104;287,20;237,79;24,98
24,182;-1,8596;-3,7856;-9,5576;9,0500;-9,0795;0,3176;0,2406;0,9478;-0,4257;294,17;231,75;30,88
24,240;-2,8949;-4,0166;-9,0462;9,0640;-9,0927;0,3181;0,1980;0,8563;-0,4951;301,29;228,36;34,12
24,297;-3,5140;-4,5941;-8,8319;-0,0134;-9,0452;-0,0644;0,1376;0,9406;-0,5141;304,40;220,83;40,44
24,358;-4,7323;-4,9007;-7,8662;9,6736;-9,7025;0,3676;0,0343;0,8325;-0,5906;312,16;219,94;41,41
24,416;-4,3728;-5,7128;-7,0689;9,1789;-0,0063;-0,0661;0,0931;0,7867;-0,7103;316,17;224,72;37,98
24,471;-5,0344;-6,3218;-6,7230;8,6904;-0,0060;-0,0629;0,0565;0,7376;-0,7155;320,13;228,68;35,34
24,530;-5,3294;-6,0715;-6,5798;-0,0115;-9,3493;-0,0678;0,0533;0,6876;-0,7843;323,33;223,29;38,68
24,588;-5,5949;-6,7923;-5,3232;-0,0108;-9,3135;-0,0678;-0,0899;0,7023;-0,7999;326,73;218,36;41,51
24,644;-6,1147;-6,4775;-4,9926;-0,0098;-8,9382;-0,0652;-0,0849;0,7619;-0,7649;330,16;213,98;43,80
24,704;-5,2878;-7,4385;-5,0919;9,4068;9,4114;-0,5376;-0,0592;0,6143;-0,8710;330,62;222,66;39,25
24,761;-4,9735;-7,4506;-4,6484;9,1050;9,1086;-0,5067;0,0492;0,5202;-0,9314;331,63;230,94;35,02
24,821;-4,5194;-7,4383;-5,0989;9,4610;9,4638;-0,5434;0,1419;0,4399;-0,8820;333,22;239,32;30,88
24,879;-4,7015;-7,8772;-3,9681;9,1792;9,1810;-0,5143;0,1658;0,4244;-0,9595;335,25;247,20;27,21
24,938;-3,9933;-8,8297;-3,8507;9,2968;9,2977;-0,5264;0,2463;0,3373;-1,0050;337,74;254,87;23,90
24,995;-3,7586;-9,1915;-3,0941;8,9883;8,9883;-0,4950;0,3605;0,2537;-0,9531;340,50;262,01;21,12
25,053;-3,2704;-9,2254;-2,4709;9,2768;9,2759;-0,5241;0,4734;0,1836;-0,9887;343,66;269,10;18,70
25,111;-2,8191;-9,8133;-2,4921;9,1289;9,1272;-0,5089;0,4938;0,1049;-0,8921;347,03;275,83;16,76
25,168;-3,1367;-9,3241;-0,9575;9,0528;-0,0062;-0,0666;0,5413;-0,0117;-0,9024;351,95;277,33;16,48
25,225;-3,2356;-10,1851;-0,3564;8,9845;-8,9987;0,3073;0,4684;-0,1524;-0,9767;358,31;273,90;17,00
25,282;-3,4142;-9,9742;0,8542;9,1283;-9,1418;0,3188;0,3084;-0,1876;-1,0168;4,78;270,47;17,14
25,339;-2,8500;-10,2851;0,9056;-0,0026;-8,9523;-0,0654;0,2986;-0,1551;-1,0459;6,26;265,59;16,67
25,397;-2,9449;-10,1923;1,2443;-0,0021;-9,2228;-0,0671;0,1798;-0,1622;-0,9986;7,73;260,54;16,06
25,453;-2,5073;-10,0824;1,3626;-0,0015;8,8617;-0,0644;0,2904;-0,2046;-0,9990;6,32;265,40;16,65
25,513;-3,4875;-9,9985;1,1969;-0,0009;9,5658;-0,0692;0,3990;-0,1762;-0,9451;4,74;270,62;17,16
25,570;-2,7167;-9,7363;1,8819;9,0371;9,0287;-0,4970;0,4749;-0,3060;-0,8967;8,10;277,09;17,65
25,628;-2,9325;-9,9418;2,5112;9,1706;9,1613;-0,5099;0,5403;-0,3272;-0,8409;11,43;283,75;18,54
25,683;-3,6054;-9,8538;2,8179;8,7886;8,7789;-0,4714;0,6307;-0,4570;-0,7593;14,51;290,26;19,79
25,745;-3,5625;-8,8234;4,1222;9,7357;-9,7430;0,3721;0,5151;-0,5156;-0,7990;21,55;286,71;18,96
25,801;-3,1026;-8,4458;5,1704;8,9405;-8,9465;0,3069;0,4776;-0,5516;-0,7597;27,96;283,16;17,69
25,863;-2,3615;-7,8032;6,1889;9,7892;-9,7948;0,3779;0,3681;-0,6453;-0,7044;34,87;278,80;15,69
25,940;-1,3981;-7,1054;7,2553;12,2712;-12,2769;0,6262;0,2507;-0,6972;-0,6573;43,30;272,24;11,96
26,000;-2,6225;-6,1092;7,8432;9,5549;-0,4614;9,4564;0,1949;-0,8056;-0,6129;48,60;273,94;18,60
26,057;-2,8706;-5,4503;7,9960;9,0346;-0,4129;8,9415;0,1457;-0,9193;-0,5283;53,42;276,68;25,86
26,116;-3,1491;-4,3411;8,5231;9,3748;-0,4442;9,2782;0,0486;-0,9186;-0,4239;58,14;281,08;34,82
26,173;-3,1395;-3,6718;9,2367;9,0255;-0,4119;8,9326;-0,0188;-0,9311;-0,3851;62,20;287,35;45,38
26,230;-3,5111;-1,8603;9,6228;8,9726;-0,4071;8,8805;-0,0877;-0,9500;-0,3016;65,53;296,11;58,34
26,286;-3,6957;-2,3329;9,5380;0,0061;-0,0062;8,9378;-0,1962;-0,9757;-0,2543;65,53;296,11;63,45
26,345;-4,0575;-1,6735;9,7406;0,0067;-0,0064;9,1932;-0,3071;-0,9316;-0,3282;65,53;296,11;68,70
26,401;-4,4088;-0,9140;9,0163;0,0069;-0,0061;8,8526;-0,3563;-0,9678;-0,2826;65,53;296,11;73,75
26,459;-4,0359;-1,3067;9,5743;0,0074;-0,0063;9,0839;-0,5106;-0,9289;-0,3364;65,53;296,11;78,94
26,519;-3,8020;-0,3806;9,1201;0,0083;-0,0066;9,5619;-0,5562;-0,8673;-0,3375;65,53;296,11;84,40
26,577;-4,2090;0,5482;9,5173;9,1591;-0,4237;9,0672;-0,6309;-0,7743;-0,1821;65,52;308,67;101,02
26,633;-4,3920;1,7691;9,5995;8,8801;-0,3985;8,7915;-0,7312;-0,7296;-0,1360;64,11;320,04;116,36
26,691;-3,4871;2,7285;9,4895;9,1623;-0,4239;9,0715;-0,7443;-0,6945;-0,0644;61,45;329,81;130,25
26,747;-3,7887;4,3634;8,6496;8,9346;-0,4033;8,8467;-0,8173;-0,5893;-0,0516;57,96;337,11;141,62
26,801;-2,6591;5,5915;8,3483;8,6336;-0,3767;8,5492;-0,8654;-0,5736;0,0672;54,01;342,28;150,80
26,857;-3,3306;5,5097;7,4073;8,8943;-0,0061;-0,0514;-0,8966;-0,5626;0,0887;49,55;346,07;153,78
26,913;-3,1292;6,9311;7,0854;8,9053;-0,0061;-0,0507;-0,8517;-0,5298;0,1307;44,97;349,22;156,09
26,969;-3,0769;7,3705;6,3882;8,8748;-0,0061;-0,0498;-0,9118;-0,5281;0,1664;40,34;351,89;157,91
27,027;-2,0594;7,9034;5,7811;9,1958;-0,4268;9,1091;-0,9736;-0,4545;0,1998;35,49;354,29;164,60
27,086;-1,6088;8,7671;5,2757;9,3988;-0,4456;9,3112;-0,9839;-0,3252;0,3187;30,34;355,93;170,81
27,144;-0,1343;9,4559;4,6426;9,2085;-0,4279;9,1237;-0,9377;-0,2068;0,2942;25,19;356,85;176,46
27,201;-0,1669;9,1044;4,2009;0,0109;-0,0062;8,9277;-0,9989;-0,0837;0,2578;25,19;356,85;181,55
27,258;1,5759;8,9113;4,8531;0,0111;-0,0062;9,0249;-0,9702;-0,0161;0,2875;25,19;356,85;186,70
27,315;1,2995;9,1465;4,1447;0,4140;8,9550;8,8998;-1,0378;0,0844;0,2276;25,67;351,24;189,38
27,373;1,7711;8,8673;4,4239;0,4370;9,2033;9,1479;-1,0628;0,1997;0,1070;26,41;345,48;192,07
27,429;1,9553;8,9003;5,0454;0,4076;8,8806;8,8284;-1,0250;0,2132;0,0412;27,36;339,92;194,61
27,489;2,8532;8,7718;5,2498;0,4737;9,5856;9,5307;-1,0096;0,3585;-0,0844;28,60;333,91;197,23
27,547;2,2367;8,7405;4,1426;9,1943;-0,0063;-0,0425;-1,0288;0,3107;-0,0914;23,62;332,23;196,49
27,605;2,2556;9,5318;3,0481;9,1409;-0,0063;-0,0414;-0,9549;0,3456;-0,1217;18,65;330,68;195,93
27,668;2,8776;9,8297;2,9155;0,0000;0,0000;0,0000;-1,0077;0,3234;-0,1484;18,65;330,68;195,93
27,727;3,0807;9,2247;2,9893;0,0118;-9,3080;-0,0401;-1,0355;0,2831;-0,0613;17,12;335,99;197,56
27,785;2,8002;9,4088;2,1977;9,1463;-0,0063;-0,0385;-0,9726;0,3065;-0,0285;12,18;334,39;197,16
27,844;3,0642;9,7407;1,1065;9,3866;-0,0064;-0,0385;-1,0337;0,3383;-0,0924;7,09;332,82;196,90
27,901;2,7147;9,6773;0,2770;9,0770;-9,0699;0,3557;-0,9584;0,2899;0,0107;0,66;336,22;197,36
27,958;2,9024;9,7313;-0,9563;9,0429;-9,0361;0,3542;-1,0124;0,3509;0,0522;354,24;339,58;197,44
28,014;2,7284;9,9377;-2,3207;8,8759;-8,8694;0,3416;-0,9905;0,3132;0,1021;347,95;342,92;197,14
28,072;3,0643;9,4744;-3,6353;9,2112;-9,2047;0,3711;-0,9648;0,3549;0,1851;341,45;346,54;196,42
28,133;2,8543;8,6397;-3,9200;9,7060;-9,6995;0,4164;-0,9486;0,3368;0,1937;334,66;350,62;195,16
28,193;1,9320;9,3803;-4,9815;0,0108;-9,5228;-0,0331;-0,9579;0,4025;0,2756;333,36;356,46;192,60
28,264;1,7923;9,6741;-3,8733;-11,2180;-11,2465;-0,6795;-0,9406;0,3520;0,4434;338,44;4,62;188,90
28,332;1,0715;9,7496;-2,5778;-10,8122;-10,8390;-0,6311;-0,8258;0,2493;0,5620;343,73;11,90;186,20
28,398;0,9573;10,2391;-2,1205;-10,5064;-10,5320;-0,5954;-0,7984;0,1524;0,6638;349,14;18,58;184,32
28,467;0,1959;9,9422;-1,8989;0,0107;-10,8960;-0,0326;-0,7466;0,1990;0,7056;348,74;24,86;183,12
28,525;0,4873;9,9561;-0,6872;-9,2160;9,2193;0,3844;-0,7873;0,1331;0,6524;354,29;19,91;184,09
28,584;1,0790;10,5088;0,2225;-9,3158;9,3186;0,3944;-0,7982;0,0487;0,6250;359,97;15,03;184,58
28,641;0,6546;9,8704;0,9285;-8,9878;8,9900;0,3670;-0,9088;0,0507;0,5198;5,47;10,35;184,58
28,696;0,5764;9,9317;2,1957;-8,8340;-0,0061;-0,0230;-0,9188;0,0149;0,5807;10,47;10,75;184,64
28,754;0,4906;9,9428;2,5863;-9,1459;-0,0063;-0,0230;-0,8609;-0,1176;0,5545;15,65;11,19;184,74
28,810;0,4630;9,7012;3,3930;-8,9243;-0,0061;-0,0216;-0,9065;-0,1139;0,5318;20,69;11,64;184,88
28,876;0,6489;9,5030;3,5472;0,0000;0,0000;0,0000;-0,9196;-0,0980;0,5318;20,69;11,64;184,88
28,931;0,5723;9,2445;3,9084;0,0000;0,0000;0,0000;-0,9279;-0,0970;0,5041;20,69;11,64;184,88
28,988;0,4051;9,8565;3,3154;0,0000;0,0000;0,0000;-0,9260;-0,0826;0,5571;20,69;11,64;184,88
29,045;0,6014;9,3259;3,3444;0,0000;0,0000;0,0000;-0,8569;-0,1228;0,5251;20,69;11,64;184,88
29,102;0,4756;9,2348;3,4090;0,0000;0,0000;0,0000;-0,8409;-0,1002;0,4920;20,69;11,64;184,88
29,157;0,4949;9,3326;3,5834;0,0000;0,0000;0,0000;-0,8458;-0,1655;0,5631;20,69;11,64;184,88
29,217;0,3618;9,6172;3,4323;0,0000;0,0000;0,0000;-0,8888;-0,1271;0,5522;20,69;11,64;184,88
29,277;0,5883;9,3620;3,7796;0,0000;0,0000;0,0000;-0,8608;-0,1594;0,5479;20,69;11,64;184,88
29,334;0,6561;9,3956;3,5435;0,0000;0,0000;0,0000;-0,8492;-0,1264;0,5162;20,69;11,64;184,88
29,391;1,1546;9,5156;3,9602;0,0000;0,0000;0,0000;-0,8793;-0,1415;0,5410;20,69;11,64;184,88
29,449;0,9678;9,3408;3,2798;0,0000;0,0000;0,0000;-0,8591;-0,1774;0,5097;20,69;11,64;184,88
29,505;0,9489;9,8674;3,2115;0,0000;0,0000;0,0000;-0,8819;-0,0837;0,5275;20,69;11,64;184,88
29,562;1,2287;9,9296;3,8100;0,0000;0,0000;0,0000;-0,9375;-0,1241;0,5552;20,69;11,64;184,88
29,617;0,3519;9,6126;3,9382;0,0000;0,0000;0,0000;-0,8793;-0,1624;0,5030;20,69;11,64;184,88
29,674;0,4311;9,4594;3,7552;0,0000;0,0000;0,0000;-0,8918;-0,1721;0,5759;20,69;11,64;184,88
29,730;0,4696;9,1559;3,3467;0,0000;0,0000;0,0000;-0,8560;-0,1669;0,5806;20,69;11,64;184,88
29,787;0,8840;10,0630;3,3648;0,0000;0,0000;0,0000;-0,8552;-0,1388;0,5212;20,69;11,64;184,88
29,844;0,9488;9,1141;4,0454;0,0000;0,0000;0,0000;-0,9390;-0,1617;0,5642;20,69;11,64;184,88
29,901;0,5241;9,7071;4,0085;0,0000;0,0000;0,0000;-0,8962;-0,1610;0,5071;20,69;11,64;184,88
29,959;0,3737;10,0526;3,3850;0,0000;0,0000;0,0000;-0,9328;-0,0876;0,5071;20,69;11,64;184,88
30,015;0,8316;9,7519;3,8317;0,0000;0,0000;0,0000;-0,8493;-0,1238;0,5722;20,69;11,64;184,88
30,069;1,1020;9,8380;3,8527;0,0000;0,0000;0,0000;-0,8713;-0,1360;0,5084;20,69;11,64;184,88
30,126;0,7161;9,9052;3,4245;0,0000;0,0000;0,0000;-0,8503;-0,1398;0,5393;20,69;11,64;184,88
30,186;0,3656;9,8643;3,6272;0,0000;0,0000;0,0000;-0,9281;-0,1094;0,5218;20,69;11,64;184,88
30,242;0,8028;9,7857;3,1679;0,0000;0,0000;0,0000;-0,8718;-0,1281;0,5692;20,69;11,64;184,88
30,302;1,1631;9,4952;3,3341;0,0000;0,0000;0,0000;-0,9229;-0,1528;0,5184;20,69;11,64;184,88
30,363;0,9676;9,1866;3,7141;0,0000;0,0000;0,0000;-0,9324;-0,1754;0,5906;20,69;11,64;184,88
30,421;1,0675;9,9200;3,6124;0,0000;0,0000;0,0000;-0,8865;-0,1199;0,5133;20,69;11,64;184,88
30,478;1,1068;9,7779;3,4006;0,0000;0,0000;0,0000;-0,9388;-0,1439;0,5720;20,69;11,64;184,88
30,539;0,7295;10,0349;3,8544;0,0000;0,0000;0,0000;-0,8719;-0,1677;0,5537;20,69;11,64;184,88
30,600;1,0471;10,0124;3,7476;0,0000;0,0000;0,0000;-0,9348;-0,1249;0,5605;20,69;11,64;184,88
30,659;0,3677;9,3754;3,3721;0,0000;0,0000;0,0000;-0,9265;-0,0943;0,5299;20,69;11,64;184,88
30,717;0,4485;9,4537;4,0710;0,0000;0,0000;0,0000;-0,9345;-0,1779;0,5362;20,69;11,64;184,88
30,776;0,5367;9,3214;3,6321;0,0000;0,0000;0,0000;-0,9265;-0,1621;0,5801;20,69;11,64;184,88
30,835;0,9466;9,4267;3,3016;0,0000;0,0000;0,0000;-0,9019;-0,0987;0,5498;20,69;11,64;184,88
30,893;0,8397;9,8696;3,2914;0,0000;0,0000;0,0000;-0,8737;-0,1144;0,5376;20,69;11,64;184,88
30,948;0,7996;9,2666;3,2110;0,0000;0,0000;0,0000;-0,9009;-0,1328;0,5630;20,69;11,64;184,88
31,005;1,1637;9,7693;3,7753;0,0000;0,0000;0,0000;-0,8409;-0,0903;0,5093;20,69;11,64;184,88
31,064;0,8067;10,0743;3,3778;0,0000;0,0000;0,0000;-0,8615;-0,1205;0,5265;20,69;11,64;184,88
31,122;1,1844;9,7969;3,6849;0,0000;0,0000;0,0000;-0,8690;-0,1422;0,5556;20,69;11,64;184,88
31,186;1,2049;9,7408;3,7475;0,0000;0,0000;0,0000;-0,9234;-0,1303;0,5197;20,69;11,64;184,88
31,264;1,0945;9,2998;4,0753;0,0000;0,0000;0,0000;-0,8903;-0,1434;0,5304;20,69;11,64;184,88
31,324;0,8922;9,6719;4,0634;0,0000;0,0000;0,0000;-0,8831;-0,1122;0,5499;20,69;11,64;184,88
31,386;1,0786;9,8849;3,5038;0,0000;0,0000;0,0000;-0,8591;-0,1754;0,5600;20,69;11,64;184,88
31,446;1,1149;9,9312;3,2122;0,0000;0,0000;0,0000;-0,8758;-0,0795;0,5438;20,69;11,64;184,88
31,503;0,8354;9,2922;3,7523;0,0000;0,0000;0,0000;-0,8992;-0,1293;0,4955;20,69;11,64;184,88
31,577;0,8448;9,7812;3,8722;0,0000;0,0000;0,0000;-0,8832;-0,1511;0,5449;20,69;11,64;184,88
31,644;1,2523;9,7638;3,1576;0,0000;0,0000;0,0000;-0,8984;-0,1118;0,5837;20,69;11,64;184,88
